{
    "Branches" : [
        {
            "id" : "1",
            "BranchName" : "GCB Bank, Adjiringano Rd",
            "BankId" : "1"
        },
        {
            "id" : "2",
            "BranchName" : "GCB Bank, Spintex Rd",
            "BankId" : "1"
        },
        {
            "id" : "3",
            "BranchName" : "GCB Bank, Gulf St",
            "BankId" : "1"
        },
        {
            "id" : "1",
            "BranchName" : "GCB Bank, Dadeban Rd",
            "BankId" : "1"
        },
        {
            "id" : "1",
            "BranchName" : "GCB Bank, Ejisu",
            "BankId" : "1"
        },
        {
            "id" : "1",
            "BranchName" : "GCB Bank, Agogo",
            "BankId" : "1"
        },
        {
            "id" : "1",
            "BranchName" : "GCB Bank, Mampong",
            "BankId" : "1"
        },
        {
            "id" : "1",
            "BranchName" : "GCB Bank, Bechem",
            "BankId" : "1"
        },
        {
            "id" : "1",
            "BranchName" : "GCB Bank,  New Offinso",
            "BankId" : "1"
        },
        {
            "id" : "1",
            "BranchName" : "GCB Bank, Madina Branch",
            "BankId" : "1"
        },
        {
            "id" : "1",
            "BranchName" : "Ecobank, Adjiringano Rd",
            "BankId" : "2"
        },
        {
            "id" : "1",
            "BranchName" : "Ecobank, Spintex Rd",
            "BankId" : "2"
        },
        {
            "id" : "1",
            "BranchName" : "Ecobank, Gulf St",
            "BankId" : "2"
        },
        {
            "id" : "1",
            "BranchName" : "Ecobank, Dadeban Rd",
            "BankId" : "2"
        },
        {
            "id" : "1",
            "BranchName" : "Ecobank, Ejisu",
            "BankId" : "2"
        },
        {
            "id" : "1",
            "BranchName" : "Ecobank, Agogo",
            "BankId" : "2"
        },
        {
            "id" : "1",
            "BranchName" : "Ecobank, Mampong",
            "BankId" : "2"
        },
        {
            "id" : "1",
            "BranchName" : "Ecobank, Bechem",
            "BankId" : "2"
        },
        {
            "id" : "1",
            "BranchName" : "Ecobank,  New Offinso",
            "BankId" : "2"
        },
        {
            "id" : "1",
            "BranchName" : "Ecobank, Madina Branch",
            "BankId" : "2"
        },
        {
            "id" : "1",
            "BranchName" : "Zenith Bank, Adjiringano Rd",
            "BankId" : "3"
        },
        {
            "id" : "1",
            "BranchName" : "Zenith Bank, Spintex Rd",
            "BankId" : "3"
        },
        {
            "id" : "1",
            "BranchName" : "Zenith Bank, Gulf St",
            "BankId" : "3"
        },
        {
            "id" : "1",
            "BranchName" : "Zenith Bank, Dadeban Rd",
            "BankId" : "3"
        },
        {
            "id" : "1",
            "BranchName" : "Zenith Bank, Ejisu",
            "BankId" : "3"
        },
        {
            "id" : "1",
            "BranchName" : "Zenith Bank, Agogo",
            "BankId" : "3"
        },
        {
            "id" : "1",
            "BranchName" : "Zenith Bank, Mampong",
            "BankId" : "3"
        },
        {
            "id" : "1",
            "BranchName" : "Zenith Bank, Bechem",
            "BankId" : "3"
        },
        {
            "id" : "1",
            "BranchName" : "Zenith Bank,  New Offinso",
            "BankId" : "3"
        },
        {
            "id" : "1",
            "BranchName" : "Zenith Bank, Madina Branch",
            "BankId" : "3"
        },
        {
            "id" : "1",
            "BranchName" : "ABSA Bank, Adjiringano Rd",
            "BankId" : "4"
        },
        {
            "id" : "1",
            "BranchName" : "ABSA Bank, Spintex Rd",
            "BankId" : "4"
        },
        {
            "id" : "1",
            "BranchName" : "ABSA Bank, Gulf St",
            "BankId" : "4"
        },
        {
            "id" : "1",
            "BranchName" : "ABSA Bank, Dadeban Rd",
            "BankId" : "4"
        },
        {
            "id" : "1",
            "BranchName" : "ABSA Bank, Ejisu",
            "BankId" : "4"
        },
        {
            "id" : "1",
            "BranchName" : "ABSA Bank, Agogo",
            "BankId" : "4"
        },
        {
            "id" : "1",
            "BranchName" : "ABSA Bank, Mampong",
            "BankId" : "4"
        },
        {
            "id" : "1",
            "BranchName" : "ABSA Bank, Bechem",
            "BankId" : "4"
        },
        {
            "id" : "1",
            "BranchName" : "ABSA Bank,  New Offinso",
            "BankId" : "4"
        },
        {
            "id" : "1",
            "BranchName" : "ABSA Bank, Madina Branch",
            "BankId" : "4"
        },
        {
            "id" : "1",
            "BranchName" : "Agricultural Development Bank, Adjiringano Rd",
            "BankId" : "5"
        },
        {
            "id" : "1",
            "BranchName" : "Agricultural Development Bank, Spintex Rd",
            "BankId" : "5"
        },
        {
            "id" : "1",
            "BranchName" : "Agricultural Development Bank, Gulf St",
            "BankId" : "5"
        },
        {
            "id" : "1",
            "BranchName" : "Agricultural Development Bank, Dadeban Rd",
            "BankId" : "5"
        },
        {
            "id" : "1",
            "BranchName" : "Agricultural Development Bank, Ejisu",
            "BankId" : "5"
        },
        {
            "id" : "1",
            "BranchName" : "Agricultural Development Bank, Agogo",
            "BankId" : "5"
        },
        {
            "id" : "1",
            "BranchName" : "Agricultural Development Bank, Mampong",
            "BankId" : "5"
        },
        {
            "id" : "1",
            "BranchName" : "Agricultural Development Bank, Bechem",
            "BankId" : "5"
        },
        {
            "id" : "1",
            "BranchName" : "Agricultural Development Bank,  New Offinso",
            "BankId" : "5"
        },
        {
            "id" : "1",
            "BranchName" : "Agricultural Development Bank, Madina Branch",
            "BankId" : "5"
        },
        {
            "id" : "1",
            "BranchName" : "Société Générale Bank, Adjiringano Rd",
            "BankId" : "6"
        },
        {
            "id" : "1",
            "BranchName" : "Société Générale Bank, Spintex Rd",
            "BankId" : "6"
        },
        {
            "id" : "1",
            "BranchName" : "Société Générale Bank, Gulf St",
            "BankId" : "6"
        },
        {
            "id" : "1",
            "BranchName" : "Société Générale Bank, Dadeban Rd",
            "BankId" : "6"
        },
        {
            "id" : "1",
            "BranchName" : "Société Générale Bank, Ejisu",
            "BankId" : "6"
        },
        {
            "id" : "1",
            "BranchName" : "Société Générale Bank, Agogo",
            "BankId" : "6"
        },
        {
            "id" : "1",
            "BranchName" : "Société Générale Bank, Mampong",
            "BankId" : "6"
        },
        {
            "id" : "1",
            "BranchName" : "Société Générale Bank, Bechem",
            "BankId" : "6"
        },
        {
            "id" : "1",
            "BranchName" : "Société Générale Bank,  New Offinso",
            "BankId" : "6"
        },
        {
            "id" : "1",
            "BranchName" : "Société Générale Bank, Madina Branch",
            "BankId" : "6"
        },
        {
            "id" : "1",
            "BranchName" : "Fidelity Bank, Adjiringano Rd",
            "BankId" : "7"
        },
        {
            "id" : "1",
            "BranchName" : "Fidelity Bank, Spintex Rd",
            "BankId" : "7"
        },
        {
            "id" : "1",
            "BranchName" : "Fidelity Bank, Gulf St",
            "BankId" : "7"
        },
        {
            "id" : "1",
            "BranchName" : "Fidelity Bank, Dadeban Rd",
            "BankId" : "7"
        },
        {
            "id" : "1",
            "BranchName" : "Fidelity Bank, Ejisu",
            "BankId" : "7"
        },
        {
            "id" : "1",
            "BranchName" : "Fidelity Bank, Agogo",
            "BankId" : "7"
        },
        {
            "id" : "1",
            "BranchName" : "Fidelity Bank, Mampong",
            "BankId" : "7"
        },
        {
            "id" : "1",
            "BranchName" : "Fidelity Bank, Bechem",
            "BankId" : "7"
        },
        {
            "id" : "1",
            "BranchName" : "Fidelity Bank,  New Offinso",
            "BankId" : "7"
        },
        {
            "id" : "1",
            "BranchName" : "Fidelity Bank, Madina Branch",
            "BankId" : "7"
        },
        {
            "id" : "1",
            "BranchName" : "National Investment Bank, Adjiringano Rd",
            "BankId" : "8"
        },
        {
            "id" : "1",
            "BranchName" : "National Investment Bank, Spintex Rd",
            "BankId" : "8"
        },
        {
            "id" : "1",
            "BranchName" : "National Investment Bank, Gulf St",
            "BankId" : "8"
        },
        {
            "id" : "1",
            "BranchName" : "National Investment Bank, Dadeban Rd",
            "BankId" : "8"
        },
        {
            "id" : "1",
            "BranchName" : "National Investment Bank, Ejisu",
            "BankId" : "8"
        },
        {
            "id" : "1",
            "BranchName" : "National Investment Bank, Agogo",
            "BankId" : "8"
        },
        {
            "id" : "1",
            "BranchName" : "National Investment Bank, Mampong",
            "BankId" : "8"
        },
        {
            "id" : "1",
            "BranchName" : "National Investment Bank, Bechem",
            "BankId" : "8"
        },
        {
            "id" : "1",
            "BranchName" : "National Investment Bank,  New Offinso",
            "BankId" : "8"
        },
        {
            "id" : "1",
            "BranchName" : "National Investment Bank, Madina Branch",
            "BankId" : "8"
        },
        {
            "id" : "1",
            "BranchName" : "Universal Merchant Bank, Adjiringano Rd",
            "BankId" : "9"
        },
        {
            "id" : "1",
            "BranchName" : "Universal Merchant Bank, Spintex Rd",
            "BankId" : "9"
        },
        {
            "id" : "1",
            "BranchName" : "Universal Merchant Bank, Gulf St",
            "BankId" : "9"
        },
        {
            "id" : "1",
            "BranchName" : "Universal Merchant Bank, Dadeban Rd",
            "BankId" : "9"
        },
        {
            "id" : "1",
            "BranchName" : "Universal Merchant Bank, Ejisu",
            "BankId" : "9"
        },
        {
            "id" : "1",
            "BranchName" : "Universal Merchant Bank, Agogo",
            "BankId" : "9"
        },
        {
            "id" : "1",
            "BranchName" : "Universal Merchant Bank, Mampong",
            "BankId" : "9"
        },
        {
            "id" : "1",
            "BranchName" : "Universal Merchant Bank, Bechem",
            "BankId" : "9"
        },
        {
            "id" : "1",
            "BranchName" : "Universal Merchant Bank,  New Offinso",
            "BankId" : "9"
        },
        {
            "id" : "1",
            "BranchName" : "Universal Merchant Bank, Madina Branch",
            "BankId" : "9"
        },
        {
            "id" : "1",
            "BranchName" : "Prudential Bank, Adjiringano Rd",
            "BankId" : "10"
        },
        {
            "id" : "1",
            "BranchName" : "Prudential Bank, Spintex Rd",
            "BankId" : "10"
        },
        {
            "id" : "1",
            "BranchName" : "Prudential Bank, Gulf St",
            "BankId" : "10"
        },
        {
            "id" : "1",
            "BranchName" : "Prudential Bank, Dadeban Rd",
            "BankId" : "10"
        },
        {
            "id" : "1",
            "BranchName" : "Prudential Bank, Ejisu",
            "BankId" : "10"
        },
        {
            "id" : "1",
            "BranchName" : "Prudential Bank, Agogo",
            "BankId" : "10"
        },
        {
            "id" : "1",
            "BranchName" : "Prudential Bank, Mampong",
            "BankId" : "10"
        },
        {
            "id" : "1",
            "BranchName" : "Prudential Bank, Bechem",
            "BankId" : "10"
        },
        {
            "id" : "1",
            "BranchName" : "Prudential Bank,  New Offinso",
            "BankId" : "10"
        },
        {
            "id" : "1",
            "BranchName" : "Prudential Bank, Madina Branch",
            "BankId" : "10"
        }
    ]
}
